{
  "Total" : {
    "transaction" : "Total",
    "sampleCount" : 600,
    "errorCount" : 0,
    "errorPct" : 0.0,
    "meanResTime" : 4.628333333333337,
    "medianResTime" : 3.0,
    "minResTime" : 1.0,
    "maxResTime" : 133.0,
    "pct1ResTime" : 5.0,
    "pct2ResTime" : 6.0,
    "pct3ResTime" : 47.77000000000021,
    "throughput" : 29.473891044849438,
    "receivedKBytesPerSec" : 10.460688814044309,
    "sentKBytesPerSec" : 6.551704419855578
  },
  "Login with alice@test.com" : {
    "transaction" : "Login with alice@test.com",
    "sampleCount" : 100,
    "errorCount" : 0,
    "errorPct" : 0.0,
    "meanResTime" : 5.109999999999999,
    "medianResTime" : 4.0,
    "minResTime" : 2.0,
    "maxResTime" : 97.0,
    "pct1ResTime" : 6.0,
    "pct2ResTime" : 8.899999999999977,
    "pct3ResTime" : 96.2099999999996,
    "throughput" : 5.0393065914130215,
    "receivedKBytesPerSec" : 1.75047007281798,
    "sentKBytesPerSec" : 1.1318755039306592
  },
  "Login with diana@test.com" : {
    "transaction" : "Login with diana@test.com",
    "sampleCount" : 100,
    "errorCount" : 0,
    "errorPct" : 0.0,
    "meanResTime" : 4.009999999999999,
    "medianResTime" : 4.0,
    "minResTime" : 2.0,
    "maxResTime" : 21.0,
    "pct1ResTime" : 5.0,
    "pct2ResTime" : 7.0,
    "pct3ResTime" : 20.91999999999996,
    "throughput" : 5.09502216334641,
    "receivedKBytesPerSec" : 1.7702216653079943,
    "sentKBytesPerSec" : 1.1443897437203852
  },
  "Login with eve@test.com" : {
    "transaction" : "Login with eve@test.com",
    "sampleCount" : 100,
    "errorCount" : 0,
    "errorPct" : 0.0,
    "meanResTime" : 5.46,
    "medianResTime" : 4.0,
    "minResTime" : 2.0,
    "maxResTime" : 133.0,
    "pct1ResTime" : 6.0,
    "pct2ResTime" : 6.0,
    "pct3ResTime" : 131.86999999999944,
    "throughput" : 4.912315174141573,
    "receivedKBytesPerSec" : 1.6870732426192465,
    "sentKBytesPerSec" : 1.0937576754924596
  },
  "Transaction Controller" : {
    "transaction" : "Transaction Controller",
    "sampleCount" : 500,
    "errorCount" : 0,
    "errorPct" : 0.0,
    "meanResTime" : 5.554000000000001,
    "medianResTime" : 4.0,
    "minResTime" : 2.0,
    "maxResTime" : 136.0,
    "pct1ResTime" : 7.0,
    "pct2ResTime" : 8.949999999999989,
    "pct3ResTime" : 60.8900000000001,
    "throughput" : 24.58089572784032,
    "receivedKBytesPerSec" : 10.46891707327565,
    "sentKBytesPerSec" : 6.556857916277469
  },
  "Dashboard for eve@test.com" : {
    "transaction" : "Dashboard for eve@test.com",
    "sampleCount" : 20,
    "errorCount" : 0,
    "errorPct" : 0.0,
    "meanResTime" : 2.75,
    "medianResTime" : 2.5,
    "minResTime" : 2.0,
    "maxResTime" : 6.0,
    "pct1ResTime" : 4.0,
    "pct2ResTime" : 5.899999999999999,
    "pct3ResTime" : 6.0,
    "throughput" : 5.913660555884093,
    "receivedKBytesPerSec" : 2.335145161886458,
    "sentKBytesPerSec" : 1.2569416210821998
  },
  "Login with charlie@test.com" : {
    "transaction" : "Login with charlie@test.com",
    "sampleCount" : 100,
    "errorCount" : 0,
    "errorPct" : 0.0,
    "meanResTime" : 5.750000000000002,
    "medianResTime" : 4.0,
    "minResTime" : 2.0,
    "maxResTime" : 131.0,
    "pct1ResTime" : 6.0,
    "pct2ResTime" : 7.949999999999989,
    "pct3ResTime" : 130.16999999999956,
    "throughput" : 5.14853524172373,
    "receivedKBytesPerSec" : 1.8088252329712198,
    "sentKBytesPerSec" : 1.1664650157030325
  },
  "Dashboard for alice@test.com" : {
    "transaction" : "Dashboard for alice@test.com",
    "sampleCount" : 20,
    "errorCount" : 0,
    "errorPct" : 0.0,
    "meanResTime" : 2.7,
    "medianResTime" : 3.0,
    "minResTime" : 2.0,
    "maxResTime" : 4.0,
    "pct1ResTime" : 3.900000000000002,
    "pct2ResTime" : 4.0,
    "pct3ResTime" : 4.0,
    "throughput" : 5.002501250625312,
    "receivedKBytesPerSec" : 1.9858562093546772,
    "sentKBytesPerSec" : 1.0640085667833916
  },
  "Login with bob@test.com" : {
    "transaction" : "Login with bob@test.com",
    "sampleCount" : 100,
    "errorCount" : 0,
    "errorPct" : 0.0,
    "meanResTime" : 4.85,
    "medianResTime" : 4.0,
    "minResTime" : 2.0,
    "maxResTime" : 64.0,
    "pct1ResTime" : 5.0,
    "pct2ResTime" : 7.0,
    "pct3ResTime" : 63.949999999999974,
    "throughput" : 5.0110242533573865,
    "receivedKBytesPerSec" : 1.7210225777961516,
    "sentKBytesPerSec" : 1.1157358689116055
  },
  "Dashboard for charlie@test.com" : {
    "transaction" : "Dashboard for charlie@test.com",
    "sampleCount" : 20,
    "errorCount" : 0,
    "errorPct" : 0.0,
    "meanResTime" : 2.5,
    "medianResTime" : 2.0,
    "minResTime" : 2.0,
    "maxResTime" : 4.0,
    "pct1ResTime" : 3.0,
    "pct2ResTime" : 3.9499999999999993,
    "pct3ResTime" : 4.0,
    "throughput" : 6.995452955578874,
    "receivedKBytesPerSec" : 2.7882755115424973,
    "sentKBytesPerSec" : 1.4879000524658972
  },
  "Dashboard for diana@test.com" : {
    "transaction" : "Dashboard for diana@test.com",
    "sampleCount" : 20,
    "errorCount" : 0,
    "errorPct" : 0.0,
    "meanResTime" : 2.55,
    "medianResTime" : 2.5,
    "minResTime" : 1.0,
    "maxResTime" : 5.0,
    "pct1ResTime" : 3.0,
    "pct2ResTime" : 4.899999999999999,
    "pct3ResTime" : 5.0,
    "throughput" : 6.435006435006435,
    "receivedKBytesPerSec" : 2.55326476029601,
    "sentKBytesPerSec" : 1.3683814953346203
  },
  "Dashboard for bob@test.com" : {
    "transaction" : "Dashboard for bob@test.com",
    "sampleCount" : 20,
    "errorCount" : 0,
    "errorPct" : 0.0,
    "meanResTime" : 2.45,
    "medianResTime" : 2.0,
    "minResTime" : 1.0,
    "maxResTime" : 4.0,
    "pct1ResTime" : 3.900000000000002,
    "pct2ResTime" : 4.0,
    "pct3ResTime" : 4.0,
    "throughput" : 7.877116975187082,
    "receivedKBytesPerSec" : 3.1123843048444266,
    "sentKBytesPerSec" : 1.674656606931863
  }
}